,ip,country,province,city
0,115.153.189.162,中国,江西,抚州
1,220.175.225.66,中国,江西,新余
2,202.101.246.210,中国,江西,赣州
3,111.74.121.38,中国,江西,九江
4,59.43.130.197,中国,,
5,59.43.187.77,中国,,
6,59.43.132.146,中国,,
7,59.43.132.170,中国,,
8,59.54.128.22,中国,江西,上饶
9,182.98.241.86,中国,江西,南昌
10,218.30.25.133,中国,北京,北京
11,106.227.192.62,中国,江西,南昌
12,61.180.30.106,中国,江西,宜春
13,182.98.241.226,中国,江西,南昌
14,59.43.67.74,中国,江西,南昌
15,220.181.177.229,中国,北京,北京
16,36.110.245.78,中国,北京,北京
17,220.177.101.162,中国,江西,景德镇
18,220.177.120.218,中国,江西,鹰潭
19,61.180.30.110,中国,江西,宜春
20,202.101.246.254,中国,江西,赣州
21,220.177.120.214,中国,江西,鹰潭
22,182.103.234.122,中国,江西,新余
23,182.98.241.150,中国,江西,南昌
24,61.180.30.122,中国,江西,宜春
25,182.103.234.38,中国,江西,新余
26,1.1.10.5,中国,广东,
27,218.30.112.145,中国,北京,北京
28,220.175.225.78,中国,江西,新余
29,182.98.241.70,中国,江西,南昌
30,220.177.120.206,中国,江西,鹰潭
31,59.54.128.242,中国,江西,上饶
32,218.30.28.49,中国,北京,北京
33,182.110.211.158,中国,江西,萍乡
34,182.98.241.62,中国,江西,南昌
35,182.98.241.154,中国,江西,南昌
36,182.98.241.82,中国,江西,南昌
37,202.97.98.166,中国,香港,
38,36.110.246.209,中国,北京,北京
39,182.98.241.222,中国,江西,南昌
40,202.97.51.161,中国,上海,上海
41,218.30.104.21,中国,北京,北京
42,182.98.241.162,中国,江西,南昌
43,117.21.30.242,中国,江西,南昌
44,180.149.128.109,中国,北京,北京
45,220.181.0.46,中国,北京,北京
46,180.149.128.41,中国,北京,北京
47,202.97.26.238,中国,广东,广州
48,115.153.189.166,中国,江西,抚州
49,106.227.193.70,中国,江西,南昌
50,220.177.120.210,中国,江西,鹰潭
51,180.149.128.9,中国,北京,北京
52,36.110.246.46,中国,北京,北京
53,182.98.241.54,中国,江西,南昌
54,115.149.2.1,中国,江西,南昌
55,202.97.90.29,中国,,
56,180.149.128.81,中国,北京,北京
57,59.43.138.65,中国,,
58,220.181.16.57,中国,北京,北京
59,59.43.93.86,中国,,
60,202.97.27.206,中国,江苏,南京
61,59.43.244.113,中国,上海,上海
62,218.30.25.89,中国,北京,北京
63,202.97.24.142,中国,四川,
64,218.30.25.117,中国,北京,北京
65,59.43.247.57,中国,上海,上海
66,111.74.42.38,中国,江西,赣州
67,106.7.97.58,中国,江西,上饶
68,220.177.95.66,中国,江西,景德镇
69,202.97.39.158,中国,江西,南昌
70,220.177.20.206,中国,江西,九江
71,220.181.177.193,中国,北京,北京
72,202.97.98.162,中国,香港,
73,182.98.241.78,中国,江西,南昌
74,220.181.0.41,中国,北京,北京
75,182.98.85.194,中国,江西,抚州
76,202.97.56.162,中国,吉林,长春
77,182.98.241.218,中国,江西,南昌
78,202.97.94.237,中国,,
79,1.1.10.1,中国,广东,
80,117.45.118.234,中国,江西,宜春
81,220.177.101.158,中国,江西,景德镇
82,220.177.95.62,中国,江西,景德镇
83,220.181.0.105,中国,北京,北京
84,115.168.77.4,中国,江西,南昌
85,59.43.137.170,中国,,
86,202.97.24.130,中国,四川,
87,59.43.136.202,中国,,
88,106.7.97.94,中国,江西,上饶
89,202.97.27.222,中国,江苏,南京
90,111.74.121.46,中国,江西,九江
91,180.149.128.201,中国,北京,北京
92,182.98.241.50,中国,江西,南昌
93,59.43.130.193,中国,,
94,59.43.244.117,中国,上海,上海
95,182.98.241.214,中国,江西,南昌
96,182.98.85.106,中国,江西,抚州
97,220.181.177.73,中国,北京,北京
98,115.149.0.5,中国,江西,南昌
99,202.97.50.193,中国,北京,北京
100,36.110.246.66,中国,北京,北京
101,36.110.249.1,中国,北京,北京
102,182.98.241.58,中国,江西,南昌
103,182.98.241.158,中国,江西,南昌
104,202.97.39.66,中国,江西,南昌
105,182.98.243.166,中国,江西,上饶
106,182.98.241.74,中国,江西,南昌
107,202.97.98.158,中国,香港,
108,106.227.193.78,中国,江西,南昌
109,59.43.144.82,中国,,
110,202.109.172.246,中国,江西,萍乡
111,106.227.193.66,中国,江西,南昌
112,220.177.199.226,中国,江西,吉安
113,182.103.234.98,中国,江西,新余
114,59.43.116.162,中国,,
115,182.86.42.198,中国,江西,赣州
116,182.98.85.102,中国,江西,抚州
117,117.21.158.226,中国,江西,九江
118,180.149.159.1,中国,北京,北京
119,180.149.128.25,中国,北京,北京
120,117.21.158.202,中国,江西,九江
121,36.110.249.65,中国,北京,北京
122,182.98.241.142,中国,江西,南昌
123,218.30.28.25,中国,北京,北京
124,182.98.241.66,中国,江西,南昌
125,59.43.16.230,中国,北京,北京
126,115.149.0.1,中国,江西,南昌
127,36.110.244.25,中国,北京,北京
128,202.97.50.86,中国,北京,北京
